UserID,Name,Email,Password
1,Allison Hill,donaldgarcia@example.net,hashed_b23f41afa5f47b191d27
2,Javier Johnson,jesseguzman@example.net,hashed_20d2dd0a416d9563f2da
3,Kimberly Robinson,lisa02@example.net,hashed_726d638f73d468a670ce
4,Daniel Gallagher,daviscolin@example.com,hashed_33e3f996588677ce3765
5,Monica Herrera,smiller@example.net,hashed_1fe2de3ac63cab6d1e6d
6,Laura Bush,stanleykendra@example.org,hashed_6d2644d00e1df19eaa14
7,Jamie Chavez,francisco53@example.net,hashed_38defdcc38857df81180
8,Maria Lynch,amandasanchez@example.com,hashed_4cbc791290affec0a98c
9,Margaret Hawkins DDS,perezantonio@example.com,hashed_10ec5a14455d0439147c
10,Thomas Bradley,jason76@example.net,hashed_abb346954e29a8141c8c
11,David Hoffman,julie69@example.com,hashed_d7dab5e54f99a4788e47
12,Brenda Snyder PhD,hernandezernest@example.net,hashed_2ad65417b39b8b803218
13,James Ferrell,tasha01@example.net,hashed_22452705de20f2fabd5a
14,Patricia Peterson,ryan70@example.net,hashed_3ba35621a8b4afa459ab
15,Jonathan White,harrellkenneth@example.net,hashed_129adba1ba029e5a4c85
16,James Martin,georgetracy@example.org,hashed_c509823c0820d9d7ea38
17,Sandra Parker,allenashley@example.org,hashed_0dd2b3752d462dc54fd1
18,Mr. Philip Cannon,donnaarroyo@example.org,hashed_ac9f83e6d15e99b09d95
19,Jenny Lewis,jenniferross@example.net,hashed_e9d0d52dbdf1f01c3a71
20,Joseph Martinez,calebsmith@example.net,hashed_8e5dbcb6fcb80c2af5d6
21,Benjamin Welch,carlosjohnson@example.com,hashed_3436965836d671702082
22,Michael Lewis,jenniferkhan@example.net,hashed_687825c563d5cfccfc88
23,Rhonda Lee,hopkinsmichael@example.com,hashed_3dfeb40681d98729ab3e
24,Megan Joyce,brownjessica@example.org,hashed_4df9b6266933c21e2514
25,Jerry Henderson,steven17@example.net,hashed_fd2dd57fc13de88607fd
26,Kimberly Smith,housemelinda@example.org,hashed_830c6b6de93c1482a311
27,Dr. Steven Martin,gallowayjoseph@example.com,hashed_7b308ffa1ed446a0ed87
28,Monica Logan,smoore@example.org,hashed_e54dece40379a5be1596
29,Kimberly Adkins,williamsthomas@example.net,hashed_71e19b46582aeff6a8de
30,Angela Lopez,leonardjoe@example.org,hashed_a9bdfb689a8c930aa691
31,Lauren Williams,barnesbrandy@example.net,hashed_6e154cb4cbfa2f495c4c
32,Michael Edwards,randy47@example.com,hashed_954051377de172972eee
33,Alexandra Howell,jonesjason@example.com,hashed_2f20d6265cfd212b8b69
34,Benjamin Sanchez,eric84@example.net,hashed_d3f0c5424b3048f9b551
35,Kendra Contreras,sarah12@example.com,hashed_45a4c873d7155973c0d0
36,Juan Nelson,jenniferharris@example.net,hashed_ded65ae5cb89671fff3f
37,Danielle Odonnell,davisrodney@example.com,hashed_5941a74f3096328368f9
38,Carlos Whitney,joycearnold@example.com,hashed_68f1bcff26d1248024fe
39,Tony Vazquez,amydavenport@example.net,hashed_fc6e8ad7547e1cc68b59
40,Andrew Diaz,nolanjason@example.org,hashed_19af4a21c30b3f36e938
41,Justin Baxter,sarayoung@example.org,hashed_e84303888d739510bf26
42,Sierra Johnson,kimberly63@example.com,hashed_c399b75df9b050d9abe3
43,Janet Williams,dwalker@example.com,hashed_7f60cf721e511eef5351
44,Crystal Johnson,raymondramirez@example.org,hashed_0125cfbf6c1d4be9a307
45,Martin Ross,sheila14@example.org,hashed_8a356973a80f1c81187e
46,Mrs. Linda Reed,samuel81@example.com,hashed_0a5e70d68846f4c72a7e
47,Andrew Graham,michaeljones@example.net,hashed_248ada0424afd98c5272
48,Mary Martinez,william65@example.com,hashed_2150bd90012ab6ccd60a
49,Cheryl Ortega,lbyrd@example.net,hashed_c9b7a532c458bef91431
50,Roy Torres,russellcarpenter@example.net,hashed_49f4a09a8de0fd4a4793
51,Michael Dixon,donnacampbell@example.net,hashed_65a31258120287f1c42a
52,Robert Potter,jeffrey32@example.org,hashed_16c3358d4a84000c02eb
53,Miss Patricia Gibson,jennifercruz@example.com,hashed_dc1bb474626dff322d94
54,Abigail Potter,osbornejeffery@example.net,hashed_29f277b93be2f63d1cd9
55,David Charles,danderson@example.net,hashed_b9f606a508bb09c73a86
56,Emily Fischer,usalazar@example.net,hashed_30a638f262caff7a2af2
57,Jill Moore,wcole@example.org,hashed_50865c15a39dcf68c619
58,Richard Washington,joshuajones@example.com,hashed_a40cf42c158e929c92ab
59,Steven Miller,jessebenson@example.net,hashed_9b69321495dd2619fe0a
60,Gary Owens,clarkrobert@example.net,hashed_0314f6f342f876e24d2a
61,Spencer Johnston,wsmith@example.com,hashed_cad699403b3d00fd614a
62,Tiffany Barnes,tracynelson@example.com,hashed_4ee055718325f5b92532
63,Michael Powell,marycalhoun@example.net,hashed_f955b34098e8bdff57d8
64,Leslie Alvarado,dayderek@example.com,hashed_4a137294913a806177eb
65,Garrett Gibson,kathleen64@example.com,hashed_9b8ab8666be117449386
66,Alec Ryan,jeffrey10@example.org,hashed_fc83148373ed9bdab769
67,Alex Hernandez,thomaswilson@example.org,hashed_52292e50fcce9da50f1c
68,Jacob Obrien,stricklandfrank@example.com,hashed_5c5c2eee1a6c015bb2fe
69,Eric Byrd,tsanders@example.org,hashed_0419003752c954987e3a
70,Lori Garcia,melissa91@example.net,hashed_b7368ab61e049ec149b1
71,Jeffrey Wood,alexander67@example.org,hashed_6004a866b561f50b4e7b
72,Steven Stevens,ryangross@example.net,hashed_aa03a91905e949405ec3
73,Kimberly Webb,lpetersen@example.com,hashed_7acd18cd984e4c9caad1
74,Timothy Ramirez,dsanchez@example.net,hashed_e36b36a4496f46ebb120
75,Allen Rosales,tonykelly@example.com,hashed_39799c6856ab14632608
